Functions/Features,Popularity: Single function,Popularity: Multifunction,Difference,p value,significant
dynamics,5.224896410908121,5.205583914769281,0.01931249613884045,0.511803608858392,False
switch,4.670270530962911,4.643654947661824,0.026615583301087042,0.537185535466998,False
frequency divider,6.328889169445122,5.1934957194012705,1.1353934500438516,0.7842412159288263,False
comparator,6.884982736881465,4.742512620724362,2.142470116157103,0.9590626567176966,False
video,4.859072777550693,4.301303605340316,0.5577691722103761,0.9937701340899697,False
